steps,rewards
22,22.036936168372634
51,29.040230575762685
73,22.036823149211703
93,20.022454150673006
106,13.018181567732244
128,22.02275308454409
152,24.03271539853886
166,14.023240227065982
183,17.026483224425466
201,18.02585053760559
214,13.022951451875269
228,14.02407126640901
250,22.027879490330815
264,14.022382268216461
274,10.016987355053425
287,13.021177847031504
296,9.01883413763717
310,14.019981735106555
323,13.018377320002767
